transaction_id,date,account,description_raw,amount,txn_type
TXN1153,04/19/2026,Credit Card ...9033,YOUTUBEPREMIUM,13.99,Payment
TXN1372,07/16/26,Checking ...4821,TRADER JOES 545,$89.33,Purchase
TXN1127,03/03/26,Checking ...4821,WHOLE FOODS MARKET,102.95,Purchase
TXN1084,03/12/2026,Credit Card ...9033,DISNEYPLUS.COM,13.99,Payment
TXN1244,"May 16, 2026",Checking ...4821,AMAZON.COM*907 AMZN.COM/BILL WA,117.30,Purchase
TXN1206,04/26/26,Credit Card ...9033,UBER *EATS,$25.79,Purchase
TXN1434,2026-08-13,Checking ...4821,TRADER JOES 984,67.83,Purchase
TXN1275,"May 19, 2026",Checking ...4821,ACME CORP PAYROLL DEP," 2,042.77 ",Deposit
TXN1012,02/02/26,Credit Card ...9033,PACIFIC PWR ELEC BILL,144.81,Payment
TXN1097,03/11/2026,Checking ...4821,LOCAL DINER #537,28.94,Purchase
TXN1002,2026-02-05,Checking ...4821,RENTERS INS PREMIUM,18.40,Payment
TXN1410,2026-07-26,Credit Card ...9033,POS PURCHASE,27.40,Purchase
TXN1349,2026-07-18,Checking ...4821,ANYTIME FITNESS #550,39.99,Payment
TXN1276,06/11/26,Credit Card ...9033,SKYLINE APT PAYMENT,"$1,450.00",Payment
TXN1039,02/11/2026,Checking ...4821,PARKWHIZ 954,9.52,Purchase
TXN1309,"June 08, 2026",Checking ...4821,TRADER JOES 864,43.78,Purchase
TXN1061,02/23/26,Checking ...4821,TARGET      #514,111.11,Purchase
TXN1093,"March 18, 2026",Credit Card ...9033,SHELL OIL 150,49.22,Purchase
TXN1032,2026-02-12,Checking ...4821,CHEVRON/TEXACO 473,$42.31,Purchase
TXN1238,05/05/2026,Credit Card ...9033,CHICKFILA 740,$7.53,Purchase
TXN1158,"April 03, 2026",Checking ...4821,STATEFARM 881,120.00,Payment
TXN1216,2026-05-13,Credit Card ...9033,CITY TRANSIT AUTHORITY,60.00,Payment
TXN1355,07/07/26,Checking ...4821,XFINITY 505,79.99,Payment
TXN1088,2026-03-07,Credit Card ...9033,COMCAST CABLE COMM,79.99,Payment
TXN1357,07/03/26,Checking ...4821,STATEFARM 945,120.00,Payment
TXN1200,04/05/26,Checking ...4821,DD *DOORDASH,42.24,Purchase
TXN1344,"July 13, 2026",Credit Card ...9033,CITY TRANSIT AUTHORITY,60.00,Payment
TXN1235,05/06/26,Credit Card ...9033,WHOLEFDS MKT #264,91.95,Purchase
TXN1154,2026-04-02,Credit Card ...9033,PACIFIC PWR ELEC BILL,$145.54,Payment
TXN1080,"March 03, 2026",Credit Card ...9033,AMAZON PRIME*575,14.99,Payment
TXN1168,"April 13, 2026",Credit Card ...9033,SHELL SERVICE STATION,55.83,Purchase
TXN1294,06/05/26,Checking ...4821,MARRIOTT 552,414.02,Purchase
TXN1110,"March 02, 2026",Checking ...4821,TRADER JOES 471,$87.67,Purchase
TXN1446,"August 02, 2026",Checking ...4821,WALMART.COM 519,$38.95,Purchase
TXN1451,03/17/2026,Credit Card ...9033,BESTBUY.COM 199,1249.00,Purchase
TXN1055,2026-02-03,Credit Card ...9033,WAL-MART #564,42.77,Purchase
TXN1433,08/09/26,Checking ...4821,MCDONALD'S F741,10.36,Purchase
TXN1239,"May 11, 2026",Credit Card ...9033,SHELL OIL 390,46.61,Purchase
TXN1144,"April 05, 2026",Checking ...4821,RENTERS INS PREMIUM,18.40,Payment
TXN1070,2026-02-23,Checking ...4821,LYFT *RIDE 187,$22.35,Purchase
TXN1095,03/10/2026,Credit Card ...9033,DD *DOORDASH,24.79,Purchase
TXN1298,2026-06-26,Checking ...4821,AUTOZONE INC,29.80,Purchase
TXN1164,04/09/26,Credit Card ...9033,BESTBUY.COM 247,328.20,Purchase
TXN1106,03/03/26,Checking ...4821,CHIPOTLE ONLINE 497,11.53,Purchase
TXN1263,2026-05-26,Credit Card ...9033,TARGET.COM *455,88.48,Purchase
TXN1408,2026-07-10,Checking ...4821,AMAZON.COM REFUND,31.30,Refund
TXN1242,2026-05-10,Credit Card ...9033,DOORDASH*903,21.14,Purchase
TXN1387,07/11/26,Credit Card ...9033,PARKWHIZ *PARKING,5.63,Purchase
TXN1065,02/10/26,Credit Card ...9033,OLD NAVY #101,$35.69,Purchase
TXN1148,04/03/2026,Checking ...4821,AMAZON PRIME*265,$14.99,Payment
TXN1213,04/06/2026,Credit Card ...9033,MISC MERCHANT 2656,31.75,Purchase
TXN1184,2026-04-20,Checking ...4821,UBER EATS 583,20.46,Purchase
TXN1373,2026-07-21,Checking ...4821,PARKWHIZ *PARKING,9.94,Purchase
TXN1413,08/13/2026,Credit Card ...9033,CITY TRANSIT AUTHORITY,60.00,Payment
TXN1204,04/07/26,Credit Card ...9033,SHELL OIL 913,43.45,Purchase
TXN1398,"July 22, 2026",Checking ...4821,DD *DOORDASH,25.97,Purchase
TXN1043,"February 07, 2026",Checking ...4821,SQ *STARBUCKS #619 SEATTLE WA,5.50,Purchase
TXN1379,"July 07, 2026",Credit Card ...9033,UBER *EATS,31.19,Purchase
TXN1291,06/03/2026,Credit Card ...9033,STATE FARM INS,120.00,Payment
TXN1178,04/21/2026,Credit Card ...9033,CHICKFILA 932,$11.43,Purchase
TXN1428,08/11/26,Checking ...4821,DD *DOORDASH,42.68,Purchase
TXN1051,2026-02-03,Checking ...4821,DOORDASH*997,20.72,Purchase
TXN1402,"July 04, 2026",Checking ...4821,WHOLE FOODS MARKET,56.75,Purchase
TXN1151,04/04/2026,Checking ...4821,ICLOUD STORAGE,2.99,Payment
TXN1201,"April 09, 2026",Checking ...4821,CHEVRON 442,46.53,Purchase
TXN1161,"April 24, 2026",Checking ...4821,DOORDASH*870,$32.08,Purchase
TXN1324,06/25/2026,Credit Card ...9033,UBER *EATS,16.95,Purchase
TXN1443,08/09/2026,Checking ...4821,PARKWHIZ 855,20.07,Purchase
TXN1226,2026-05-17,Credit Card ...9033,METRO WATER 538, 38.29 ,Payment
TXN1252,2026-05-07,Credit Card ...9033,WAL-MART #583,106.30,Purchase
TXN1214,2026-05-11,Credit Card ...9033,SKYLINE APARTMENTS RENT,1450.00,Payment
TXN1389,07/17/26,Credit Card ...9033,OLD NAVY #204,80.89,Purchase
TXN1222,05/04/2026,Credit Card ...9033,APPLE.COM/BILL,2.99,Payment
TXN1250,"May 22, 2026",Checking ...4821,UDEMY.COM 888,$83.63,Purchase
TXN1256,05/28/26,Credit Card ...9033,MCDONALD'S F423,12.61,Purchase
TXN1424,"August 05, 2026",Credit Card ...9033,SQ *STARBUCKS #379 SEATTLE WA,$7.52,Purchase
TXN1109,03/22/2026,Credit Card ...9033,CHICK-FIL-A #363,12.59,Purchase
TXN1327,06/04/26,Checking ...4821,UBER   TRIP 527,20.05,Purchase
TXN1418,2026-08-02,Checking ...4821,PACIFIC POWER 994,$76.68,Payment
TXN1173,"April 10, 2026",Checking ...4821,THE LOCAL DINER,$21.81,Purchase
TXN1420,08/02/2026,Checking ...4821,VZWRLSS*502,85.00,Payment
TXN1385,"July 18, 2026",Checking ...4821,WHOLEFDS MKT #579,45.18,Purchase
TXN1228,05/02/2026,Credit Card ...9033,VZWRLSS*902,85.00,Payment
TXN1016,2026-02-03,Credit Card ...9033,STATEFARM 272,$120.00,Payment
TXN1082,"March 18, 2026",Credit Card ...9033,ANYTIMEFIT MEMBERSHIP,39.99,Payment
TXN1174,2026-04-08,Checking ...4821,NIKE STORE #198,121.36,Purchase
TXN1358,07/14/26,Checking ...4821,FEDLOAN SERVICING,210.00,Payment
TXN1441,08/09/26,Checking ...4821,LOCAL DINER #235,17.82,Purchase
TXN1295,2026-06-17,Credit Card ...9033,PARKWHIZ 545,9.94,Purchase
TXN1365,2026-07-25,Checking ...4821,CHEVRON/TEXACO 292,55.23,Purchase
TXN1185,2026-04-19,Checking ...4821,AUTOZONE #500,$83.13,Purchase
TXN1406,07/23/2026,Checking ...4821,ACME CORP DIRECT DEP,"$2,088.66",Deposit
TXN1116,"March 24, 2026",Credit Card ...9033,NIKE STORE #780,93.78,Purchase
TXN1248,2026-05-14,Checking ...4821,DOORDASH*609,33.64,Purchase
TXN1397,2026-07-15,Checking ...4821,DOORDASH*510,29.71,Purchase
TXN1177,04/02/2026,Checking ...4821,WHOLEFDS MKT #112,129.17,Purchase
TXN1224,05/19/2026,Credit Card ...9033,GOOGLE *YOUTUBE PREM,13.99,Payment
TXN1283,2026-06-18,Checking ...4821,ANYTIME FITNESS #918,39.99,Payment
TXN1160,04/15/2026,Checking ...4821,CHIPOTLE ONLINE 141,12.90,Purchase
TXN1181,2026-04-23,Credit Card ...9033,BESTBUY.COM 828,340.85,Purchase
TXN1029,02/12/2026,Credit Card ...9033,WHOLE FOODS MARKET,128.83,Purchase
TXN1411,"August 11, 2026",Checking ...4821,SKYLINE APARTMENTS RENT,1450.00,Payment
TXN1005,02/02/26,Checking ...4821,SPOTIFY USA,$11.99,Payment
TXN1042,"February 04, 2026",Checking ...4821,SHELL SERVICE STATION,49.48,Purchase
TXN1334,06/03/26,Credit Card ...9033,SQ *STARBUCKS #519 SEATTLE WA,6.61,Purchase
TXN1230,2026-05-14,Checking ...4821,FEDLOAN SERVICING,210.00,Payment
TXN1009,02/04/26,Credit Card ...9033,APPLE.COM/BILL,2.99,Payment
TXN1069,02/21/2026,Checking ...4821,AUTOZONE INC,26.15,Purchase
TXN1305,06/20/26,Checking ...4821,CHIPOTLE ONLINE 419,$10.73,Purchase
TXN1041,02/15/2026,Checking ...4821,SQ*STARBUCKS COFFEE,$7.74,Purchase
TXN1094,03/28/2026,Checking ...4821,MCDONALD'S F663,8.33,Purchase
TXN1409,07/28/2026,Checking ...4821,POS PURCHASE,27.08,Purchase
TXN1125,03/26/2026,Checking ...4821,TRADER JOES 942,106.48,Purchase
TXN1072,02/16/2026,Checking ...4821,ACME CORP DIRECT DEP,2016.93,Deposit
TXN1092,"March 11, 2026",Checking ...4821,LOCAL DINER #903,14.82,Purchase
TXN1059,2026-02-07,Credit Card ...9033,CHICK-FIL-A #557,11.49,Purchase
TXN1383,07/12/26,Credit Card ...9033,WHOLEFDS MKT #161, 86.66 ,Purchase
TXN1044,02/15/26,Credit Card ...9033,NIKE.COM 809,77.45,Purchase
TXN1192,2026-04-14,Credit Card ...9033,SQ*STARBUCKS COFFEE,4.39,Purchase
TXN1431,2026-08-11,Checking ...4821,NIKE.COM 697,48.45,Purchase
TXN1259,2026-05-26,Checking ...4821,SHELL SERVICE STATION,58.96,Purchase
TXN1075,"March 11, 2026",Checking ...4821,SKYLINE APARTMENTS RENT,1450.00,Payment
TXN1371,07/05/26,Checking ...4821,PARKWHIZ *PARKING,11.40,Purchase
TXN1315,06/02/26,Checking ...4821,AMZN MKTP US*794,17.95,Purchase
TXN1317,"June 04, 2026",Checking ...4821,SHELL SERVICE STATION,32.11,Purchase
TXN1362,"July 05, 2026",Credit Card ...9033,LOCAL DINER #710,27.99,Purchase
TXN1120,"March 21, 2026",Checking ...4821,CHICKFILA 141,10.64,Purchase
TXN1423,08/11/2026,Checking ...4821,NIKE STORE #441,40.69,Purchase
TXN1054,2026-02-03,Credit Card ...9033,TRADER JOE S #749,$53.51,Purchase
TXN1444,"August 01, 2026",Checking ...4821,MCDONALD'S F552,8.84,Purchase
TXN1240,"May 27, 2026",Credit Card ...9033,UBER *TRIP HELP.UBER.COM,15.08,Purchase
TXN1419,"August 07, 2026",Checking ...4821,XFINITY 963,79.99,Payment
TXN1435,08/05/26,Checking ...4821,SQ *STARBUCKS #175 SEATTLE WA,$6.95,Purchase
TXN1146,2026-04-21,Checking ...4821,NETFLIX.COM,15.49,Payment
TXN1247,05/26/26,Checking ...4821,AMZN MKTP US*983,65.52,Purchase
TXN1223,05/12/26,Checking ...4821,DISNEYPLUS.COM,13.99,Payment
TXN1064,02/09/26,Credit Card ...9033,TRADER JOES 472,67.67,Purchase
TXN1407,2026-07-12,Checking ...4821,VENMO   TRANSFER IN,21.82,Transfer
TXN1394,07/01/26,Checking ...4821,AUTOZONE INC,17.47,Purchase
TXN1014,02/07/26,Credit Card ...9033,COMCAST CABLE COMM,79.99,Payment
TXN1108,03/08/26,Checking ...4821,TRADER JOES 821,$34.34,Purchase
TXN1455,2026-07-02,Checking ...4821,AMZN MKTP US*166,340.00,Purchase
TXN1381,2026-07-19,Credit Card ...9033,AUTOZONE INC,58.37,Purchase
TXN1143,04/11/2026,Credit Card ...9033,SKYLINE APARTMENTS RENT,1450.00,Payment
TXN1336,06/19/26,Credit Card ...9033,BEST BUY #274,140.00,Purchase
TXN1246,2026-05-22,Checking ...4821,MCDONALD'S F531,7.51,Purchase
TXN1346,07/02/26,Checking ...4821,SPOTIFY USA,$11.99,Payment
TXN1081,2026-03-27,Credit Card ...9033,ADOBE  *CREATIVE CLOUD,$54.99,Payment
TXN1189,04/02/26,Credit Card ...9033,TRADER JOE S #944,$34.75,Purchase
TXN1068,02/25/26,Credit Card ...9033,CHICKFILA 882,$8.53,Purchase
TXN1134,2026-03-02,Checking ...4821,NIKE.COM 222,140.84,Purchase
TXN1071,"February 06, 2026",Checking ...4821,ACME CORP DIRECT DEP,2058.19,Deposit
TXN1414,"August 02, 2026",Checking ...4821,SPOTIFY   P121,11.99,Payment
TXN1048,02/04/2026,Checking ...4821,TRADER JOES 266,63.86,Purchase
TXN1002,2026-02-05,Checking ...4821,RENTERS INS PREMIUM,18.40,Payment
TXN1278,2026-06-13,Checking ...4821,CTA MONTHLY PASS,60.00,Payment
TXN1049,02/13/26,Checking ...4821,COURSERA 465,49.00,Purchase
TXN1169,2026-04-25,Credit Card ...9033,UBER *EATS,16.20,Purchase
TXN1083,2026-03-04,Checking ...4821,APPLE.COM/BILL,2.99,Payment
TXN1445,2026-08-07,Checking ...4821,UBER *EATS,22.74,Purchase
TXN1013,2026-02-17,Credit Card ...9033,METRO WATER 170,45.82,Payment
TXN1289,06/07/2026,Credit Card ...9033,XFINITY 442,79.99,Payment
TXN1438,2026-08-13,Checking ...4821,UDEMY.COM 994,32.24,Purchase
TXN1150,04/18/26,Checking ...4821,ANYTIME FITNESS #594,39.99,Payment
TXN1207,"April 24, 2026",Credit Card ...9033,WHOLEFDS MKT #973,78.47,Purchase
TXN1274,05/02/26,Checking ...4821,ACME CORP PAYROLL DEP,2069.69,Deposit
TXN1297,06/20/2026,Checking ...4821,TARGET.COM *279,111.36,Purchase
TXN1328,06/15/26,Credit Card ...9033,LOCAL DINER #399,16.54,Purchase
TXN1086,03/02/26,Checking ...4821,PACIFIC POWER 515,143.80,Payment
TXN1404,2026-07-17,Credit Card ...9033,MCDONALD'S F741,10.39,Purchase
TXN1015,02/02/26,Checking ...4821,VZWRLSS*784,85.00,Payment
TXN1117,03/04/26,Credit Card ...9033,LOCAL DINER #182,11.55,Purchase
TXN1212,2026-04-11,Credit Card ...9033,POS PURCHASE,9.98,Purchase
TXN1056,02/09/2026,Checking ...4821,THE LOCAL DINER,22.38,Purchase
TXN1260,"May 14, 2026",Credit Card ...9033,DOORDASH*485,45.33,Purchase
TXN1348,2026-07-27,Checking ...4821,ADOBE CREATIVE CL,54.99,Payment
TXN1027,2026-02-16,Checking ...4821,AUTOZONE #628,78.82,Purchase
TXN1292,06/14/2026,Credit Card ...9033,FED STUDENT LOAN SVC,210.00,Payment
TXN1147,04/02/26,Checking ...4821,SPOTIFY   P191,$11.99,Payment
TXN1020,02/01/26,Checking ...4821,SHELL OIL 369,$46.97,Purchase
TXN1057,02/06/26,Checking ...4821,WHOLE FOODS MARKET,58.18,Purchase
TXN1024,02/01/26,Checking ...4821,SQ*STARBUCKS COFFEE,$6.80,Purchase
TXN1031,02/17/26,Credit Card ...9033,TRADER JOE S #128,71.42,Purchase
TXN1118,03/25/26,Credit Card ...9033,MCDONALDS #887,$7.72,Purchase
TXN1100,03/19/2026,Checking ...4821,CHICK-FIL-A #803,15.23,Purchase
TXN1299,06/27/26,Credit Card ...9033,CHICK-FIL-A #630,13.20,Purchase
TXN1142,03/02/26,Credit Card ...9033,DEBIT CARD PURCHASE,8.95,Purchase
TXN1288,2026-06-17,Credit Card ...9033,METRO WATER UTIL,41.13,Payment
TXN1284,06/04/26,Checking ...4821,APPLE.COM/BILL,2.99,Payment
TXN1011,02/19/26,Checking ...4821,YOUTUBEPREMIUM,13.99,Payment
TXN1139,2026-03-25,Checking ...4821,ACME CORP DIRECT DEP,"$2,056.73",Deposit
TXN1363,2026-07-17,Credit Card ...9033,UBER *EATS,19.74,Purchase
TXN1052,"February 25, 2026",Credit Card ...9033,SQ *STARBUCKS #939 SEATTLE WA,5.07,Purchase
TXN1380,07/17/26,Credit Card ...9033,WHOLEFDS MKT #756,$107.15,Purchase
TXN1388,07/24/2026,Credit Card ...9033,CHIPOTLE MEXICAN GRILL,9.69,Purchase
TXN1172,2026-04-01,Credit Card ...9033,SHELL SERVICE STATION,31.90,Purchase
TXN1400,07/18/2026,Credit Card ...9033,LYFT   RIDE TUE,20.37,Purchase
TXN1254,2026-05-16,Checking ...4821,UBER *TRIP HELP.UBER.COM,$19.16,Purchase
TXN1132,03/07/2026,Checking ...4821,BESTBUY.COM 357,134.32,Purchase
TXN1035,"February 26, 2026",Checking ...4821,DD *DOORDASH,44.47,Purchase
TXN1126,03/12/2026,Credit Card ...9033,DOORDASH*624,39.84,Purchase
TXN1432,2026-08-15,Credit Card ...9033,UBER EATS 838,23.64,Purchase
TXN1113,2026-03-22,Checking ...4821,CHICK-FIL-A #502,$7.72,Purchase
TXN1364,2026-07-01,Credit Card ...9033,PARKWHIZ *PARKING,15.69,Purchase
TXN1266,05/12/26,Credit Card ...9033,UBER   TRIP 507,26.58,Purchase
TXN1287,"June 02, 2026",Checking ...4821,PACIFIC PWR ELEC BILL,91.89,Payment
TXN1316,06/17/26,Checking ...4821,WHOLEFDS MKT #140,39.37,Purchase
TXN1112,"March 15, 2026",Checking ...4821,TRADER JOES 211,49.72,Purchase
TXN1180,04/06/2026,Checking ...4821,SHELL OIL 367,$37.91,Purchase
TXN1417,08/12/26,Credit Card ...9033,DISNEYPLUS.COM,$13.99,Payment
TXN1119,03/07/26,Credit Card ...9033,CHEVRON/TEXACO 297,39.93,Purchase
TXN1421,08/03/2026,Checking ...4821,STATE FARM INS,120.00,Payment
TXN1152,"April 12, 2026",Checking ...4821,DISNEY PLUS,13.99,Payment
TXN1028,02/05/26,Checking ...4821,CHICK-FIL-A #876,12.94,Purchase
TXN1007,"February 27, 2026",Credit Card ...9033,ADOBE  *CREATIVE CLOUD,54.99,Payment
TXN1301,06/06/2026,Credit Card ...9033,WHOLE FOODS MARKET,94.31,Purchase
TXN1330,06/05/2026,Checking ...4821,DD *DOORDASH,29.92,Purchase
TXN1319,"June 15, 2026",Checking ...4821,WHOLEFDS MKT #765,99.00,Purchase
TXN1128,2026-03-03,Credit Card ...9033,BEST BUY #313,113.74,Purchase
TXN1107,03/18/26,Checking ...4821,STARBUCKS #385,5.61,Purchase
TXN1342,07/11/2026,Checking ...4821,SKYLINE APARTMENTS RENT,1450.00,Payment
TXN1436,2026-08-01,Credit Card ...9033,DD *DOORDASH,23.55,Purchase
TXN1098,03/18/26,Checking ...4821,MCDONALD'S F477,6.81,Purchase
TXN1345,2026-07-21,Credit Card ...9033,NETFLIX.COM,$15.49,Payment
TXN1359,07/11/2026,Checking ...4821,CHEVRON 822, 53.76 ,Purchase
TXN1021,2026-02-20,Credit Card ...9033,UBER   TRIP 807,21.68,Purchase
TXN1019,2026-02-22,Checking ...4821,ENTERPRISE RENT-A-CAR, 200.89 ,Purchase
TXN1221,2026-05-18,Checking ...4821,ANYTIME FITNESS #895,39.99,Payment
TXN1085,"March 19, 2026",Credit Card ...9033,GOOGLE *YOUTUBE PREM,13.99,Payment
TXN1310,2026-06-21,Credit Card ...9033,STARBUCKS #711,6.00,Purchase
TXN1171,04/21/2026,Credit Card ...9033,WHOLE FOODS MARKET,81.22,Purchase
TXN1017,02/14/2026,Credit Card ...9033,FEDLOAN SERVICING,210.00,Payment
TXN1096,03/04/2026,Credit Card ...9033,CHEVRON 176,33.35,Purchase
TXN1384,"July 15, 2026",Credit Card ...9033,CHEVRON 432,58.81,Purchase
TXN1452,"February 03, 2026",Credit Card ...9033,DELTA.COM 447,612.00,Purchase
TXN1219,05/03/26,Credit Card ...9033,PRIME VIDEO CHANNELS,14.99,Payment
TXN1050,"February 18, 2026",Credit Card ...9033,SQ*STARBUCKS COFFEE,6.31,Purchase
TXN1159,2026-04-14,Checking ...4821,FEDLOAN SERVICING,210.00,Payment
TXN1237,05/21/26,Checking ...4821,UBER *EATS,14.77,Purchase
TXN1333,2026-06-22,Credit Card ...9033,CHICKFILA 466,10.80,Purchase
TXN1366,07/17/26,Checking ...4821,UBER *EATS,34.48,Purchase
TXN1218,"May 02, 2026",Credit Card ...9033,SPOTIFY USA,11.99,Payment
TXN1099,03/14/26,Credit Card ...9033,AUTOZONE #485,44.48,Purchase
TXN1062,02/21/2026,Checking ...4821,STARBUCKS #541,$7.58,Purchase
TXN1321,06/17/26,Checking ...4821,TRADER JOES 112,75.67,Purchase
TXN1264,2026-05-25,Credit Card ...9033,TRADER JOE S #416,89.78,Purchase
TXN1416,"August 04, 2026",Checking ...4821,ICLOUD STORAGE,2.99,Payment
TXN1156,04/07/26,Credit Card ...9033,XFINITY 498,79.99,Payment
TXN1273,"May 28, 2026",Checking ...4821,THE LOCAL DINER,27.42,Purchase
TXN1449,08/11/26,Credit Card ...9033,WHOLEFDS MKT #265,38.39,Purchase
TXN1329,"June 21, 2026",Credit Card ...9033,LYFT   RIDE TUE, 15.35 ,Purchase
TXN1249,2026-05-23,Credit Card ...9033,LOCAL DINER #168,27.58,Purchase
TXN1115,03/24/26,Checking ...4821,BEST BUY #269, 62.92 ,Purchase
TXN1258,05/09/26,Checking ...4821,PARKWHIZ 399,17.66,Purchase
TXN1308,"June 25, 2026",Checking ...4821,LYFT *RIDE 224,14.52,Purchase
TXN1425,2026-08-12,Checking ...4821,UDEMY *ONLINE COURSE,54.39,Purchase
TXN1290,"June 02, 2026",Checking ...4821,VZWRLSS*567, 85.00 ,Payment
TXN1311,06/12/26,Credit Card ...9033,SQ *STARBUCKS #958 SEATTLE WA,5.77,Purchase
TXN1376,2026-07-11,Checking ...4821,LOCAL DINER #620,23.60,Purchase
TXN1320,06/18/26,Checking ...4821,UBER EATS 580,22.20,Purchase
TXN1191,"April 10, 2026",Credit Card ...9033,DD *DOORDASH,18.88,Purchase
TXN1300,"June 16, 2026",Checking ...4821,SHELL SERVICE STATION,33.16,Purchase
TXN1412,08/05/26,Credit Card ...9033,RENTERSINS CO 202,18.40,Payment
TXN1066,02/21/26,Checking ...4821,WHOLEFDS MKT #193,$58.10,Purchase
TXN1104,2026-03-22,Checking ...4821,CHICKFILA 187,8.15,Purchase
TXN1303,"June 27, 2026",Checking ...4821,WHOLE FOODS MARKET,124.55,Purchase
TXN1253,05/24/2026,Checking ...4821,WHOLEFDS MKT #474,112.42,Purchase
TXN1047,02/25/26,Checking ...4821,PARKWHIZ 246,7.89,Purchase
TXN1225,2026-05-02,Credit Card ...9033,PACIFIC PWR ELEC BILL,146.56,Payment
TXN1393,"July 13, 2026",Credit Card ...9033,SHELL OIL 971, 33.14 ,Purchase
TXN1391,2026-07-19,Checking ...4821,SQ*STARBUCKS COFFEE,7.86,Purchase
TXN1396,07/10/2026,Credit Card ...9033,MCDONALDS #681,$6.13,Purchase
TXN1166,04/09/26,Checking ...4821,SHELL SERVICE STATION,53.79,Purchase
TXN1352,07/19/2026,Credit Card ...9033,GOOGLE *YOUTUBE PREM,13.99,Payment
TXN1157,2026-04-02,Credit Card ...9033,VERIZON WIRELESS PMT,85.00,Payment
TXN1092,"March 11, 2026",Checking ...4821,LOCAL DINER #903,14.82,Purchase
TXN1030,02/26/2026,Credit Card ...9033,LYFT *RIDE 925,28.21,Purchase
TXN1133,"March 15, 2026",Checking ...4821,CHIPOTLE ONLINE 104,16.19,Purchase
TXN1370,2026-07-08,Checking ...4821,LYFT *RIDE 514,22.92,Purchase
TXN1103,2026-03-17,Checking ...4821,NIKE STORE #354, 138.38 ,Purchase
TXN1010,2026-02-12,Checking ...4821,DISNEYPLUS.COM,13.99,Payment
TXN1130,03/22/26,Credit Card ...9033,TARGET.COM *400,114.95,Purchase
TXN1386,"July 24, 2026",Credit Card ...9033,DOORDASH*760,33.56,Purchase
TXN1175,04/13/26,Credit Card ...9033,PARKWHIZ *PARKING,18.08,Purchase
TXN1307,06/28/26,Checking ...4821,CHIPOTLE ONLINE 146,10.13,Purchase
TXN1190,04/25/26,Credit Card ...9033,CHIPOTLE MEXICAN GRILL,13.86,Purchase
TXN1122,03/20/26,Checking ...4821,OLDNAVY.COM,23.14,Purchase
TXN1306,"June 24, 2026",Checking ...4821,NIKE.COM 957,62.43,Purchase
TXN1251,2026-05-05,Checking ...4821,CHICKFILA 104,12.42,Purchase
TXN1401,2026-07-06,Checking ...4821,CHIPOTLE ONLINE 661,16.04,Purchase
TXN1067,02/13/2026,Checking ...4821,LYFT   RIDE TUE,9.54,Purchase
TXN1004,02/21/2026,Credit Card ...9033,NETFLIX.COM,15.49,Payment
TXN1077,03/13/26,Credit Card ...9033,CITY TRANSIT AUTHORITY,60.00,Payment
TXN1265,"May 09, 2026",Credit Card ...9033,TRADER JOE S #910,78.91,Purchase
TXN1090,03/03/26,Checking ...4821,STATEFARM 873,120.00,Payment
TXN1337,06/10/26,Credit Card ...9033,CHIPOTLE ONLINE 771,12.96,Purchase
TXN1231,05/12/2026,Checking ...4821,PARKWHIZ *PARKING,17.67,Purchase
TXN1070,2026-02-23,Checking ...4821,LYFT *RIDE 187,$22.35,Purchase
TXN1229,2026-05-03,Checking ...4821,STATE FARM INS,120.00,Payment
TXN1149,04/27/2026,Credit Card ...9033,ADOBE CREATIVE CL,$54.99,Payment
TXN1203,04/12/26,Checking ...4821,LYFT   RIDE TUE, 12.22 ,Purchase
TXN1141,03/23/26,Credit Card ...9033,AMAZON.COM REFUND,59.41,Refund
TXN1046,2026-02-15,Checking ...4821,MCDONALD'S F538,8.56,Purchase
TXN1232,"May 26, 2026",Checking ...4821,BESTBUY.COM 302,238.26,Purchase
TXN1155,"April 17, 2026",Credit Card ...9033,METRO WATER 764,44.95,Payment
TXN1267,05/07/26,Credit Card ...9033,LYFT *RIDE 285,13.23,Purchase
TXN1339,2026-06-01,Checking ...4821,ACME CORP DIRECT DEP,2059.78,Deposit
TXN1183,04/09/2026,Credit Card ...9033,SQ*STARBUCKS COFFEE, 8.32 ,Purchase
TXN1377,07/25/26,Checking ...4821,CHICK-FIL-A #144,8.30,Purchase
TXN1053,02/17/26,Checking ...4821,UBER *TRIP HELP.UBER.COM,21.78,Purchase
TXN1193,04/19/26,Checking ...4821,SQ *STARBUCKS #688 SEATTLE WA,5.22,Purchase
TXN1129,"March 15, 2026",Checking ...4821,AUTOZONE #526,28.34,Purchase
TXN1360,07/26/2026,Checking ...4821,UBER *TRIP HELP.UBER.COM,11.24,Purchase
TXN1403,"July 19, 2026",Checking ...4821,TRADER JOE S #971,87.74,Purchase
TXN1063,02/28/2026,Credit Card ...9033,TARGET.COM *713,$83.24,Purchase
TXN1220,"May 27, 2026",Credit Card ...9033,ADOBE  *CREATIVE CLOUD,54.99,Payment
TXN1453,2026-08-02,Checking ...4821,AUTOZONE #306,$480.00,Purchase
TXN1196,04/27/2026,Checking ...4821,MCDONALD'S F610,7.77,Purchase
TXN1350,07/04/2026,Credit Card ...9033,APPLE.COM/BILL,$2.99,Payment
TXN1448,08/07/26,Checking ...4821,COURSERA 588,49.00,Purchase
TXN1442,2026-08-12,Checking ...4821,PARKWHIZ *PARKING,7.83,Purchase
TXN1236,"May 10, 2026",Checking ...4821,CHICKFILA 536, 14.18 ,Purchase
TXN1079,03/02/2026,Credit Card ...9033,SPOTIFY USA,11.99,Payment
TXN1089,"March 02, 2026",Checking ...4821,VERIZON WIRELESS PMT,85.00,Payment
TXN1399,"July 21, 2026",Checking ...4821,DOORDASH*327,$18.29,Purchase
TXN1188,"April 07, 2026",Checking ...4821,PARKWHIZ *PARKING,18.17,Purchase
TXN1087,03/17/26,Credit Card ...9033,METRO WATER 101,32.51,Payment
TXN1415,2026-08-03,Credit Card ...9033,AMAZON PRIME*213, 14.99 ,Payment
TXN1105,03/02/26,Credit Card ...9033,TRADER JOES 231,83.64,Purchase
TXN1269,05/21/26,Checking ...4821,CHIPOTLE ONLINE 259,12.63,Purchase
TXN1187,2026-04-21,Checking ...4821,MCDONALD'S F854,11.04,Purchase
TXN1271,05/14/2026,Credit Card ...9033,PARKWHIZ 885,7.01,Purchase
TXN1034,02/13/2026,Credit Card ...9033,MCDONALD'S F589,12.20,Purchase
TXN1073,2026-02-17,Checking ...4821,VENMO   TRANSFER IN,$99.12,Transfer
TXN1114,"March 14, 2026",Credit Card ...9033,LYFT *RIDE 288,10.11,Purchase
TXN1293,06/08/2026,Checking ...4821,COURSERA.ORG,49.00,Purchase
TXN1245,2026-05-20,Credit Card ...9033,CHEVRON 317,56.04,Purchase
TXN1302,2026-06-12,Checking ...4821,WALMART.COM 628,69.58,Purchase
TXN1268,2026-05-25,Credit Card ...9033,UBER *EATS,27.96,Purchase
TXN1450,"August 13, 2026",Checking ...4821,ACME CORP PAYROLL DEP,"$2,040.87",Deposit
TXN1369,07/12/26,Checking ...4821,TARGET      #286,133.26,Purchase
TXN1135,03/07/2026,Credit Card ...9033,TARGET.COM *624,136.27,Purchase
TXN1440,08/12/2026,Credit Card ...9033,TARGET.COM *452,121.75,Purchase
TXN1426,08/04/2026,Checking ...4821,UBER *TRIP HELP.UBER.COM,16.84,Purchase
TXN1447,"August 08, 2026",Credit Card ...9033,LOCAL DINER #877,17.70,Purchase
TXN1341,2026-06-13,Checking ...4821,POS PURCHASE,17.11,Purchase
TXN1422,"August 14, 2026",Credit Card ...9033,FEDLOAN SERVICING,210.00,Payment
TXN1322,06/18/2026,Credit Card ...9033,WHOLE FOODS MARKET,$70.55,Purchase
TXN1037,2026-02-18,Checking ...4821,DOORDASH*114,33.13,Purchase
TXN1165,04/17/2026,Checking ...4821,WHOLE FOODS MARKET,61.74,Purchase
TXN1347,2026-07-03,Credit Card ...9033,PRIME VIDEO CHANNELS, 14.99 ,Payment
TXN1338,06/14/2026,Checking ...4821,UDEMY.COM 935,58.80,Purchase
TXN1314,"June 22, 2026",Credit Card ...9033,TRADER JOE S #530,33.67,Purchase
TXN1429,"August 05, 2026",Credit Card ...9033,COURSERA 991,49.00,Purchase
TXN1270,"May 01, 2026",Checking ...4821,CHICK-FIL-A #991,8.03,Purchase
TXN1202,04/25/2026,Checking ...4821,WHOLEFDS MKT #840,108.32,Purchase
TXN1033,02/11/26,Checking ...4821,THE LOCAL DINER,15.08,Purchase
TXN1454,"April 20, 2026",Checking ...4821,MARRIOTT 688,540.00,Purchase
TXN1392,07/06/2026,Checking ...4821,CHICK-FIL-A #245,$15.46,Purchase
TXN1323,2026-06-18,Credit Card ...9033,STARBUCKS #550,4.55,Purchase
TXN1121,03/02/26,Credit Card ...9033,AMAZON.COM*720 AMZN.COM/BILL WA,56.46,Purchase
TXN1195,04/27/26,Credit Card ...9033,CHEVRON/TEXACO 706,33.90,Purchase
TXN1220,"May 27, 2026",Credit Card ...9033,ADOBE  *CREATIVE CLOUD,54.99,Payment
TXN1304,06/24/2026,Checking ...4821,CHIPOTLE ONLINE 643,12.84,Purchase
TXN1176,2026-04-16,Checking ...4821,CHICK-FIL-A #145,9.30,Purchase
TXN1262,05/27/2026,Checking ...4821,LYFT *RIDE 395,23.91,Purchase
TXN1241,"May 28, 2026",Checking ...4821,ENTERPRISE RENT-A-CAR,138.56,Purchase
TXN1332,06/01/26,Credit Card ...9033,OLDNAVY.COM,23.42,Purchase
TXN1243,2026-05-18,Checking ...4821,BESTBUY.COM 407,$217.30,Purchase
TXN1001,02/11/2026,Checking ...4821,SKYLINE APARTMENTS RENT,1450.00,Payment
TXN1296,06/05/2026,Checking ...4821,UBER   TRIP 828,28.27,Purchase
TXN1234,"May 16, 2026",Checking ...4821,TARGET      #595,81.63,Purchase
TXN1162,04/20/2026,Credit Card ...9033,CHIPOTLE ONLINE 298,14.44,Purchase
TXN1343,07/05/2026,Checking ...4821,RENTERS INS PREMIUM,$18.40,Payment
TXN1282,06/27/2026,Checking ...4821,ADOBE  *CREATIVE CLOUD,54.99,Payment
TXN1227,"May 07, 2026",Checking ...4821,XFINITY 974,$79.99,Payment
TXN1331,06/27/2026,Credit Card ...9033,DOORDASH*433,34.83,Purchase
TXN1351,"July 12, 2026",Credit Card ...9033,DISNEYPLUS.COM,13.99,Payment
TXN1427,"August 12, 2026",Credit Card ...9033,DOORDASH*458,$32.00,Purchase
TXN1286,06/19/2026,Credit Card ...9033,GOOGLE *YOUTUBE PREM,$13.99,Payment
TXN1395,2026-07-14,Checking ...4821,CHICK-FIL-A #549,14.60,Purchase
TXN1208,04/21/2026,Checking ...4821,CHEVRON 795,56.16,Purchase
TXN1026,02/15/2026,Checking ...4821,TARGET.COM *187,80.05,Purchase
TXN1367,"July 23, 2026",Checking ...4821,MCDONALDS #513,9.21,Purchase
TXN1018,"February 15, 2026",Credit Card ...9033,CHIPOTLE MEXICAN GRILL,12.21,Purchase
TXN1318,06/10/2026,Checking ...4821,CHICKFILA 380,14.80,Purchase
TXN1045,02/17/2026,Credit Card ...9033,AMZN MKTP US*672,$174.88,Purchase
TXN1060,02/13/2026,Checking ...4821,UBER *TRIP HELP.UBER.COM,31.29,Purchase
TXN1340,2026-06-25,Checking ...4821,ACME CORP DIRECT DEP,"$1,981.50",Deposit
TXN1102,2026-03-26,Credit Card ...9033,AUTOZONE INC,51.44,Purchase
TXN1124,"March 25, 2026",Checking ...4821,OLDNAVY.COM,47.83,Purchase
TXN1194,04/10/26,Credit Card ...9033,CHICK-FIL-A #104,$13.54,Purchase
TXN1374,2026-07-11,Credit Card ...9033,STARBUCKS #867,5.20,Purchase
TXN1313,06/21/2026,Checking ...4821,THE LOCAL DINER,11.70,Purchase
TXN1356,"July 02, 2026",Checking ...4821,VZWRLSS*443,85.00,Payment
TXN1131,03/07/2026,Checking ...4821,AUTOZONE #351,48.83,Purchase
TXN1270,"May 01, 2026",Checking ...4821,CHICK-FIL-A #991,8.03,Purchase
TXN1312,06/11/2026,Credit Card ...9033,UBER   TRIP 432,27.60,Purchase
TXN1123,03/26/2026,Checking ...4821,LYFT *RIDE 124,21.40,Purchase
TXN1003,"February 13, 2026",Checking ...4821,CITY TRANSIT AUTHORITY,60.00,Payment
TXN1326,2026-06-21,Checking ...4821,SHELL OIL 522,62.01,Purchase
TXN1074,2026-02-26,Credit Card ...9033,MISC MERCHANT 4846,47.33,Purchase
TXN1210,04/19/2026,Checking ...4821,ACME CORP DIRECT DEP,2098.92,Deposit
TXN1198,04/24/2026,Credit Card ...9033,NIKE.COM 480,49.91,Purchase
TXN1390,07/12/26,Credit Card ...9033,SHELL SERVICE STATION,41.21,Purchase
TXN1199,04/17/2026,Checking ...4821,BEST BUY #571,82.32,Purchase
TXN1078,"March 21, 2026",Checking ...4821,NETFLIX.COM,15.49,Payment
TXN1197,04/16/26,Credit Card ...9033,PARKWHIZ *PARKING,$17.71,Purchase
TXN1215,"May 05, 2026",Checking ...4821,RENTERSINS CO 859,18.40,Payment
TXN1351,"July 12, 2026",Credit Card ...9033,DISNEYPLUS.COM,13.99,Payment
TXN1163,04/26/26,Credit Card ...9033,AMAZON.COM*167 AMZN.COM/BILL WA, 40.56 ,Purchase
TXN1217,"May 21, 2026",Credit Card ...9033,NETFLIX.COM   LOS GATOS CA,$15.49,Payment
TXN1205,"April 21, 2026",Credit Card ...9033,TRADER JOES 311,$104.91,Purchase
TXN1439,2026-08-11,Checking ...4821,UBER *TRIP HELP.UBER.COM, 9.53 ,Purchase
TXN1368,2026-07-12,Credit Card ...9033,MCDONALDS #522,11.40,Purchase
TXN1382,"July 22, 2026",Checking ...4821,MCDONALDS #959,$7.31,Purchase
TXN1211,"April 28, 2026",Checking ...4821,VENMO   TRANSFER IN,82.19,Transfer
TXN1354,07/17/2026,Checking ...4821,METRO WATER 488,34.03,Payment
TXN1170,2026-04-21,Checking ...4821,WHOLE FOODS MARKET,134.60,Purchase
TXN1281,"June 03, 2026",Credit Card ...9033,PRIME VIDEO CHANNELS, 14.99 ,Payment
TXN1145,04/13/26,Credit Card ...9033,CITY TRANSIT AUTHORITY,60.00,Payment
TXN1279,06/21/26,Credit Card ...9033,NETFLIX.COM,15.49,Payment
TXN1233,2026-05-15,Credit Card ...9033,AUTOZONE #668,66.68,Purchase
TXN1335,"June 05, 2026",Credit Card ...9033,NIKE STORE #598,141.18,Purchase
TXN1022,"February 28, 2026",Credit Card ...9033,PARKWHIZ 507,$16.05,Purchase
TXN1353,"July 02, 2026",Checking ...4821,PACIFIC POWER 996,98.73,Payment
TXN1167,2026-04-28,Credit Card ...9033,STARBUCKS #668,5.87,Purchase
TXN1006,2026-02-03,Checking ...4821,PRIME VIDEO CHANNELS,14.99,Payment
TXN1137,03/02/2026,Checking ...4821,DD *DOORDASH,23.31,Purchase
TXN1186,04/04/2026,Checking ...4821,SQ *STARBUCKS #453 SEATTLE WA,$7.05,Purchase
TXN1285,2026-06-12,Checking ...4821,DISNEY PLUS,13.99,Payment
TXN1405,07/07/2026,Checking ...4821,ACME CORP PAYROLL DEP,2058.82,Deposit
TXN1209,2026-04-06,Checking ...4821,ACME CORP DIRECT DEP,2013.94,Deposit
TXN1025,02/13/26,Credit Card ...9033,TRADER JOES 455,$43.88,Purchase
TXN1261,05/26/26,Credit Card ...9033,BEST BUY #429,176.18,Purchase
TXN1101,2026-03-13,Checking ...4821,WHOLE FOODS MARKET,$102.58,Purchase
TXN1023,02/02/2026,Checking ...4821,SHELL OIL 551,36.67,Purchase
TXN1036,02/05/2026,Credit Card ...9033,MCDONALDS #925,6.31,Purchase
TXN1138,03/07/26,Checking ...4821,ACME CORP PAYROLL DEP,"$2,066.94",Deposit
TXN1136,03/22/26,Checking ...4821,PARKWHIZ *PARKING,$20.16,Purchase
TXN1008,02/18/26,Checking ...4821,ANYTIMEFIT MEMBERSHIP,39.99,Payment
TXN1091,03/14/26,Checking ...4821,FED STUDENT LOAN SVC,210.00,Payment
TXN1361,"July 13, 2026",Checking ...4821,TRADER JOE S #404,62.15,Purchase
TXN1140,03/13/2026,Checking ...4821,VENMO   TRANSFER IN,$96.70,Transfer
TXN1038,02/27/2026,Credit Card ...9033,WAL-MART #357,106.76,Purchase
TXN1375,2026-07-24,Credit Card ...9033,UBER *EATS,30.61,Purchase
TXN1115,03/24/26,Checking ...4821,BEST BUY #269, 62.92 ,Purchase
TXN1437,2026-08-11,Checking ...4821,CHEVRON/TEXACO 915,33.58,Purchase
TXN1111,03/28/2026,Credit Card ...9033,WHOLEFDS MKT #607,88.49,Purchase
TXN1179,"April 24, 2026",Credit Card ...9033,SHELL OIL 484,$57.40,Purchase
TXN1040,02/15/2026,Checking ...4821,UBER EATS 946,31.89,Purchase
TXN1255,05/22/26,Credit Card ...9033,BEST BUY #498,298.81,Purchase
TXN1430,08/10/26,Credit Card ...9033,UBER   TRIP 247,30.32,Purchase
TXN1182,04/22/2026,Checking ...4821,CHEVRON/TEXACO 402,53.23,Purchase
TXN1272,2026-05-06,Credit Card ...9033,DOORDASH*152,28.28,Purchase
TXN1058,2026-02-06,Checking ...4821,CHICK-FIL-A #356,$9.48,Purchase
TXN1257,"May 26, 2026",Credit Card ...9033,MCDONALD'S F744,7.01,Purchase
TXN1280,06/02/26,Credit Card ...9033,SPOTIFY USA,11.99,Payment
TXN1378,2026-07-21,Checking ...4821,OLDNAVY.COM,36.99,Purchase
TXN1325,2026-06-22,Credit Card ...9033,DD *DOORDASH,23.27,Purchase
TXN1076,2026-03-05,Checking ...4821,RENTERSINS CO 885,$18.40,Payment
TXN1277,2026-06-05,Credit Card ...9033,RENTERS INS PREMIUM,18.40,Payment
